FirstName;Initials;LastName;OU;Username;Password;Email;Streetaddress;City;ZipCode;State;Country;Department;Telephone;JobTitle;Company
BertA;BS;SesamA;OU=Gebruikers,DC=Mixinc,DC=com;Test1;ASTS1234567890!!!;;;;;;;;;;
BertB;BS;SesamB;OU=Gebruikers,DC=Mixinc,DC=com;Test2;Thema2.1.2022!;;;;;;;;;;
BertC;BS;SesamC;OU=Gebruikers,DC=Mixinc,DC=com;Test3;Thema2.1.2023!;;;;;;;;;;
BertD;BS;SesamD;OU=Gebruikers,DC=Mixinc,DC=com;Test4;Thema2.1.2024!;;;;;;;;;;
BertE;BS;SesamE;OU=Gebruikers,DC=Mixinc,DC=com;Test5;Thema2.1.2025!;;;;;;;;;;
BertF;BS;SesamF;OU=Gebruikers,DC=Mixinc,DC=com;Test6;Thema2.1.2026!;;;;;;;;;;
BertG;BS;SesamG;OU=Gebruikers,DC=Mixinc,DC=com;Test7;Thema2.1.2027!;;;;;;;;;;
BertH;BS;SesamH;OU=Gebruikers,DC=Mixinc,DC=com;Test8;Thema2.1.2028!;;;;;;;;;;
BertI;BS;SesamI;OU=Gebruikers,DC=Mixinc,DC=com;Test9;Thema2.1.2029!;;;;;;;;;;
BertJ;BS;SesamJ;OU=Gebruikers,DC=Mixinc,DC=com;Test10;Thema2.1.2030!;;;;;;;;;;
BertK;BS;SesamK;OU=Gebruikers,DC=Mixinc,DC=com;Test11;Thema2.1.2031!;;;;;;;;;;
BertL;BS;SesamL;OU=Gebruikers,DC=Mixinc,DC=com;Test12;Thema2.1.2032!;;;;;;;;;;
BertM;BS;SesamM;OU=Gebruikers,DC=Mixinc,DC=com;Test13;Thema2.1.2033!;;;;;;;;;;
BertN;BS;SesamN;OU=Gebruikers,DC=Mixinc,DC=com;Test14;Thema2.1.2034!;;;;;;;;;;
BertO;BS;SesamO;OU=Gebruikers,DC=Mixinc,DC=com;Test15;Thema2.1.2035!;;;;;;;;;;
BertP;BS;SesamP;OU=Gebruikers,DC=Mixinc,DC=com;Test16;Thema2.1.2036!;;;;;;;;;;
BertQ;BS;SesamQ;OU=Gebruikers,DC=Mixinc,DC=com;Test17;Thema2.1.2037!;;;;;;;;;;
BertR;BS;SesamR;OU=Gebruikers,DC=Mixinc,DC=com;Test18;Thema2.1.2038!;;;;;;;;;;
BertS;BS;SesamS;OU=Gebruikers,DC=Mixinc,DC=com;Test19;Thema2.1.2039!;;;;;;;;;;
BertU;BS;SesamU;OU=Gebruikers,DC=Mixinc,DC=com;Test20;Thema2.1.2040!;;;;;;;;;;
